section_name,nb_cells,area,density
M5_5_CA3,75,132457,0.000566
M5_5_DG,156,290370,0.000537
